<meta>
    <info author="MTA contributors (github.com/multitheftauto/mtasa-resources)" version="1.0" name="IP2C" description="IP to Country Compact utility" type="script" />
    <min_mta_version client="1.5.9-9.20957.0" server="1.5.9-9.20957.0"/>
    
    <script src="server.lua" type="server"/>
    <export function="getPlayerCountry" type="server"/>

    <script src="shared.lua" type="shared"/>
    <export function="getCountryName" type="shared"/>

    <aclrequest>
        <right name="function.fetchRemote" access="true"></right>
    </aclrequest>
    
    <file src="client/images/flags/ad.png" />
    <file src="client/images/flags/ae.png" />
    <file src="client/images/flags/af.png" />
    <file src="client/images/flags/ag.png" />
    <file src="client/images/flags/ai.png" />
    <file src="client/images/flags/al.png" />
    <file src="client/images/flags/am.png" />
    <file src="client/images/flags/ao.png" />
    <file src="client/images/flags/aq.png" />
    <file src="client/images/flags/ar.png" />
    <file src="client/images/flags/as.png" />
    <file src="client/images/flags/at.png" />
    <file src="client/images/flags/au.png" />
    <file src="client/images/flags/aw.png" />
    <file src="client/images/flags/ax.png" />
    <file src="client/images/flags/az.png" />
    <file src="client/images/flags/ba.png" />
    <file src="client/images/flags/bb.png" />
    <file src="client/images/flags/bd.png" />
    <file src="client/images/flags/be.png" />
    <file src="client/images/flags/bf.png" />
    <file src="client/images/flags/bg.png" />
    <file src="client/images/flags/bh.png" />
    <file src="client/images/flags/bi.png" />
    <file src="client/images/flags/bj.png" />
    <file src="client/images/flags/bm.png" />
    <file src="client/images/flags/bn.png" />
    <file src="client/images/flags/bo.png" />
    <file src="client/images/flags/br.png" />
    <file src="client/images/flags/bs.png" />
    <file src="client/images/flags/bt.png" />
    <file src="client/images/flags/bv.png" />
    <file src="client/images/flags/bw.png" />
    <file src="client/images/flags/by.png" />
    <file src="client/images/flags/bz.png" />
    <file src="client/images/flags/ca.png" />
    <file src="client/images/flags/cc.png" />
    <file src="client/images/flags/cd.png" />
    <file src="client/images/flags/cf.png" />
    <file src="client/images/flags/cg.png" />
    <file src="client/images/flags/ch.png" />
    <file src="client/images/flags/ci.png" />
    <file src="client/images/flags/ck.png" />
    <file src="client/images/flags/cl.png" />
    <file src="client/images/flags/cm.png" />
    <file src="client/images/flags/cn.png" />
    <file src="client/images/flags/co.png" />
    <file src="client/images/flags/cr.png" />
    <file src="client/images/flags/cu.png" />
    <file src="client/images/flags/cv.png" />
    <file src="client/images/flags/cx.png" />
    <file src="client/images/flags/cy.png" />
    <file src="client/images/flags/cz.png" />
    <file src="client/images/flags/de.png" />
    <file src="client/images/flags/dj.png" />
    <file src="client/images/flags/dk.png" />
    <file src="client/images/flags/dm.png" />
    <file src="client/images/flags/do.png" />
    <file src="client/images/flags/dz.png" />
    <file src="client/images/flags/ec.png" />
    <file src="client/images/flags/ee.png" />
    <file src="client/images/flags/eg.png" />
    <file src="client/images/flags/eh.png" />
    <file src="client/images/flags/er.png" />
    <file src="client/images/flags/es.png" />
    <file src="client/images/flags/et.png" />
    <file src="client/images/flags/fi.png" />
    <file src="client/images/flags/fo.png" />
    <file src="client/images/flags/fr.png" />
    <file src="client/images/flags/fj.png" />
    <file src="client/images/flags/ga.png" />
    <file src="client/images/flags/gb.png" />
    <file src="client/images/flags/gd.png" />
    <file src="client/images/flags/gl.png" />
    <file src="client/images/flags/gm.png" />
    <file src="client/images/flags/gw.png" />
    <file src="client/images/flags/gp.png" />
    <file src="client/images/flags/gt.png" />
    <file src="client/images/flags/gy.png" />
    <file src="client/images/flags/hu.png" />
    <file src="client/images/flags/id.png" />
    <file src="client/images/flags/ie.png" />
    <file src="client/images/flags/il.png" />
    <file src="client/images/flags/in.png" />
    <file src="client/images/flags/iq.png" />
    <file src="client/images/flags/is.png" />
    <file src="client/images/flags/it.png" />
    <file src="client/images/flags/jm.png" />
    <file src="client/images/flags/jp.png" />
    <file src="client/images/flags/kw.png" />
    <file src="client/images/flags/kp.png" />
    <file src="client/images/flags/lt.png" />
    <file src="client/images/flags/lu.png" />
    <file src="client/images/flags/lv.png" />
    <file src="client/images/flags/lk.png" />
    <file src="client/images/flags/ly.png" />
    <file src="client/images/flags/ma.png" />
    <file src="client/images/flags/mc.png" />
    <file src="client/images/flags/mg.png" />
    <file src="client/images/flags/mh.png" />
    <file src="client/images/flags/mt.png" />
    <file src="client/images/flags/mu.png" />
    <file src="client/images/flags/ng.png" />
    <file src="client/images/flags/nl.png" />
    <file src="client/images/flags/no.png" />
    <file src="client/images/flags/nr.png" />
    <file src="client/images/flags/ni.png" />
    <file src="client/images/flags/pa.png" />
    <file src="client/images/flags/pe.png" />
    <file src="client/images/flags/ph.png" />
    <file src="client/images/flags/pk.png" />
    <file src="client/images/flags/pl.png" />
    <file src="client/images/flags/pr.png" />
    <file src="client/images/flags/ps.png" />
    <file src="client/images/flags/pt.png" />
    <file src="client/images/flags/pm.png" />
    <file src="client/images/flags/py.png" />
    <file src="client/images/flags/qa.png" />
    <file src="client/images/flags/re.png" />
    <file src="client/images/flags/ro.png" />
    <file src="client/images/flags/ru.png" />
    <file src="client/images/flags/rw.png" />
    <file src="client/images/flags/sd.png" />
    <file src="client/images/flags/se.png" />
    <file src="client/images/flags/sj.png" />
    <file src="client/images/flags/sl.png" />
    <file src="client/images/flags/so.png" />
    <file src="client/images/flags/sy.png" />
    <file src="client/images/flags/td.png" />
    <file src="client/images/flags/to.png" />
    <file src="client/images/flags/tn.png" />
    <file src="client/images/flags/tv.png" />
    <file src="client/images/flags/ua.png" />
    <file src="client/images/flags/um.png" />
    <file src="client/images/flags/us.png" />
    <file src="client/images/flags/uy.png" />
    <file src="client/images/flags/uz.png" />
    <file src="client/images/flags/vn.png" />
    <file src="client/images/flags/wf.png" />
    <file src="client/images/flags/ws.png" />
    <file src="client/images/flags/ye.png" />
    <file src="client/images/flags/yt.png" />
    <file src="client/images/flags/za.png" />
    <file src="client/images/flags/ge.png" />
    <file src="client/images/flags/gr.png" />
    <file src="client/images/flags/hk.png" />
    <file src="client/images/flags/hn.png" />
    <file src="client/images/flags/ht.png" />
    <file src="client/images/flags/ir.png" />
    <file src="client/images/flags/jo.png" />
    <file src="client/images/flags/je.png" />
    <file src="client/images/flags/kg.png" />
    <file src="client/images/flags/kr.png" />
    <file src="client/images/flags/kn.png" />
    <file src="client/images/flags/kz.png" />
    <file src="client/images/flags/lb.png" />
    <file src="client/images/flags/md.png" />
    <file src="client/images/flags/mv.png" />
    <file src="client/images/flags/mz.png" />
    <file src="client/images/flags/me.png" />
    <file src="client/images/flags/mk.png" />
    <file src="client/images/flags/my.png" />
    <file src="client/images/flags/mm.png" />
    <file src="client/images/flags/mn.png" />
    <file src="client/images/flags/mx.png" />
    <file src="client/images/flags/np.png" />
    <file src="client/images/flags/nc.png" />
    <file src="client/images/flags/nz.png" />
    <file src="client/images/flags/om.png" />
    <file src="client/images/flags/pg.png" />
    <file src="client/images/flags/rs.png" />
    <file src="client/images/flags/sa.png" />
    <file src="client/images/flags/sc.png" />
    <file src="client/images/flags/sg.png" />
    <file src="client/images/flags/si.png" />
    <file src="client/images/flags/sk.png" />
    <file src="client/images/flags/sv.png" />
    <file src="client/images/flags/th.png" />
    <file src="client/images/flags/tk.png" />
    <file src="client/images/flags/tr.png" />
    <file src="client/images/flags/tw.png" />
    <file src="client/images/flags/tt.png" />
    <file src="client/images/flags/tj.png" />
    <file src="client/images/flags/ve.png" />
    <file src="client/images/flags/hr.png" />

    <!-- New Flags (added 17 January, 2023) -->
    <file src="client/images/flags/bl.png" />
    <file src="client/images/flags/bq.png" />
    <file src="client/images/flags/cw.png" />
    <file src="client/images/flags/fk.png" />
    <file src="client/images/flags/fm.png" />
    <file src="client/images/flags/gf.png" />
    <file src="client/images/flags/gg.png" />
    <file src="client/images/flags/gh.png" />
    <file src="client/images/flags/gi.png" />
    <file src="client/images/flags/gn.png" />
    <file src="client/images/flags/gq.png" />
    <file src="client/images/flags/gs.png" />
    <file src="client/images/flags/gu.png" />
    <file src="client/images/flags/hm.png" />
    <file src="client/images/flags/im.png" />
    <file src="client/images/flags/io.png" />
    <file src="client/images/flags/ke.png" />
    <file src="client/images/flags/kh.png" />
    <file src="client/images/flags/ki.png" />
    <file src="client/images/flags/km.png" />
    <file src="client/images/flags/ky.png" />
    <file src="client/images/flags/la.png" />
    <file src="client/images/flags/lc.png" />
    <file src="client/images/flags/li.png" />
    <file src="client/images/flags/lr.png" />
    <file src="client/images/flags/ls.png" />
    <file src="client/images/flags/mf.png" />
    <file src="client/images/flags/ml.png" />
    <file src="client/images/flags/mo.png" />
    <file src="client/images/flags/mp.png" />
    <file src="client/images/flags/mq.png" />
    <file src="client/images/flags/mr.png" />
    <file src="client/images/flags/ms.png" />
    <file src="client/images/flags/mw.png" />
    <file src="client/images/flags/na.png" />
    <file src="client/images/flags/ne.png" />
    <file src="client/images/flags/nf.png" />
    <file src="client/images/flags/nu.png" />
    <file src="client/images/flags/pf.png" />
    <file src="client/images/flags/pn.png" />
    <file src="client/images/flags/pw.png" />
    <file src="client/images/flags/sb.png" />
    <file src="client/images/flags/sh.png" />
    <file src="client/images/flags/sm.png" />
    <file src="client/images/flags/sn.png" />
    <file src="client/images/flags/sr.png" />
    <file src="client/images/flags/ss.png" />
    <file src="client/images/flags/st.png" />
    <file src="client/images/flags/sx.png" />
    <file src="client/images/flags/sz.png" />
    <file src="client/images/flags/tc.png" />
    <file src="client/images/flags/tf.png" />
    <file src="client/images/flags/tg.png" />
    <file src="client/images/flags/tl.png" />
    <file src="client/images/flags/tm.png" />
    <file src="client/images/flags/tz.png" />
    <file src="client/images/flags/ug.png" />
    <file src="client/images/flags/va.png" />
    <file src="client/images/flags/vc.png" />
    <file src="client/images/flags/vg.png" />
    <file src="client/images/flags/vi.png" />
    <file src="client/images/flags/vu.png" />
    <file src="client/images/flags/zm.png" />
    <file src="client/images/flags/zw.png" />

    <!-- INVALID FLAGS (not ISO 3166 country codes) -->
    <!-- <file src="client/images/flags/ac.png" /> -->
    <!-- <file src="client/images/flags/an.png" /> -->
    <!-- <file src="client/images/flags/cs.png" /> -->
    <!-- <file src="client/images/flags/eu.png" /> -->
    <!-- <file src="client/images/flags/ja.png" /> -->
    <!-- <file src="client/images/flags/uk.png" /> -->
    <!-- <file src="client/images/flags/yu.png" /> -->
    <!-- <file src="client/images/flags/xk.png" /> -->
</meta>